{
  "train": {
    "water_volume_L": {
      "mae": 35.15468376405207,
      "rmse": 45.16105144253034
    },
    "fertilizer_dose_mL": {
      "mae": 20.25563687671227,
      "rmse": 25.64297173274504
    },
    "r2": -0.029411568775370323
  },
  "validate": {
    "water_volume_L": {
      "mae": 36.085890550280475,
      "rmse": 45.393016821441506
    },
    "fertilizer_dose_mL": {
      "mae": 19.24243760270299,
      "rmse": 24.939702588928103
    },
    "r2": -0.043206128939405786
  },
  "test": {
    "water_volume_L": {
      "mae": 35.10974164259914,
      "rmse": 45.54826430146935
    },
    "fertilizer_dose_mL": {
      "mae": 19.659356471524973,
      "rmse": 25.039358526124634
    },
    "r2": -0.055940982061322586
  }
}