{
  "train": {
    "water_volume_L": {
      "mae": 1.2285649527465063,
      "rmse": 1.6470154929624072
    },
    "fertilizer_dose_mL": {
      "mae": 0.8386076233426911,
      "rmse": 1.0441917106942449
    },
    "r2": 0.9798452149341397
  },
  "validate": {
    "water_volume_L": {
      "mae": 1.4400487479022699,
      "rmse": 1.88177844429069
    },
    "fertilizer_dose_mL": {
      "mae": 1.0060284632657321,
      "rmse": 1.2900412899792342
    },
    "r2": 0.9733801914990918
  },
  "test": {
    "water_volume_L": {
      "mae": 1.3353679412522887,
      "rmse": 1.7861242585099286
    },
    "fertilizer_dose_mL": {
      "mae": 1.0582312175229376,
      "rmse": 1.3310663731303565
    },
    "r2": 0.9743135676852619
  }
}