{
  "time_slot": {
    "train": {
      "accuracy": 0.48123333333333335
    },
    "validate": {
      "accuracy": 0.4073
    },
    "test": {
      "accuracy": 0.4046,
      "confusion_matrix": [
        [
          81,
          155,
          125,
          0,
          0,
          0,
          0
        ],
        [
          81,
          158,
          134,
          0,
          0,
          0,
          0
        ],
        [
          72,
          182,
          820,
          387,
          419,
          0,
          0
        ],
        [
          0,
          0,
          675,
          384,
          409,
          0,
          0
        ],
        [
          0,
          0,
          676,
          390,
          406,
          0,
          0
        ],
        [
          0,
          0,
          0,
          0,
          0,
          1143,
          1084
        ],
        [
          0,
          0,
          0,
          0,
          0,
          1165,
          1054
        ]
      ]
    }
  },
  "building_priority": {
    "train": {
      "r2": 0.34361146094246187,
      "mae": 13.593368358426241,
      "rmse": 17.052488140150793
    },
    "validate": {
      "r2": 0.31428886972167225,
      "mae": 13.706469542413984,
      "rmse": 17.25482381118024
    },
    "test": {
      "r2": 0.3195876214610769,
      "mae": 13.847510566956611,
      "rmse": 17.324679075048028
    }
  }
}