{
  "time_slot": {
    "train": {
      "accuracy": 0.8847
    },
    "validate": {
      "accuracy": 0.8845
    },
    "test": {
      "accuracy": 0.8834,
      "confusion_matrix": [
        [
          2354,
          11,
          1
        ],
        [
          567,
          1675,
          2
        ],
        [
          568,
          17,
          4805
        ]
      ]
    }
  },
  "building_priority": {
    "train": {
      "r2": 0.9749485117168423,
      "mae": 3.7792315937546905,
      "rmse": 5.202061125268569
    },
    "validate": {
      "r2": 0.9737921507263906,
      "mae": 3.906771916300908,
      "rmse": 5.3487452668862465
    },
    "test": {
      "r2": 0.9733200890797201,
      "mae": 3.977739817920496,
      "rmse": 5.407031282506108
    }
  }
}